Year;Temp[C];Rain[mm];M;Month
1877;-1.5;84.1;1;Jan
1878;-5.9;25.7;1;Jan
1879;-5.9;206.2;1;Jan
1880;-7.1;96.0;1;Jan
1881;-4.6;173.0;1;Jan
1882;-3.9;72.1;1;Jan
1883;-5.7;57.8;1;Jan
1884;-5.7;63.7;1;Jan
1885;-7.6;69.9;1;Jan
1886;-6.4;80.9;1;Jan
1887;-6.1;107.2;1;Jan
1888;-5.5;70.3;1;Jan
1889;-7.8;74.5;1;Jan
1890;-7.0;28.6;1;Jan
1891;-7.6;66.1;1;Jan
1892;-7.0;61.0;1;Jan
1893;-7.2;66.6;1;Jan
1894;-7.0;29.3;1;Jan
1895;-8.9;66.8;1;Jan
1896;-5.9;78.7;1;Jan
1897;-6.4;41.4;1;Jan
1898;-5.6;48.0;1;Jan
1899;-4.9;63.5;1;Jan
1900;-7.6;74.6;1;Jan
1901;-5.4;108.0;1;Jan
1902;-7.5;60.5;1;Jan
1903;-2.7;93.8;1;Jan
1904;-7.6;83.0;1;Jan
1905;-3.3;62.6;1;Jan
1906;-7.1;82.0;1;Jan
1907;-5.4;75.2;1;Jan
1908;-8.5;98.3;1;Jan
1909;-9.4;44.1;1;Jan
1910;-4.9;56.8;1;Jan
1911;-6.4;56.1;1;Jan
1912;-5.7;81.0;1;Jan
1913;-8.7;54.1;1;Jan
1914;-3.3;182.2;1;Jan
1915;-6.9;100.5;1;Jan
1916;-3.8;61.9;1;Jan
1917;-6.6;142.6;1;Jan
1918;-6.0;207.4;1;Jan
1919;-7.0;80.3;1;Jan
1920;-2.0;187.4;1;Jan
1921;-6.1;93.2;1;Jan
1922;-10.2;101.8;1;Jan
1923;-7.1;81.0;1;Jan
1924;-6.3;64.5;1;Jan
1925;-5.4;76.1;1;Jan
1926;-6.2;125.8;1;Jan
1927;-5.8;62.0;1;Jan
1928;-5.2;121.6;1;Jan
1929;-7.0;223.9;1;Jan
1930;-7.2;89.0;1;Jan
1931;-7.7;98.5;1;Jan
1932;-2.5;43.8;1;Jan
1933;-6.8;67.3;1;Jan
1934;-4.9;55.4;1;Jan
1935;-5.4;78.2;1;Jan
1936;-6.0;113.0;1;Jan
1937;-5.4;58.7;1;Jan
1938;-5.9;64.3;1;Jan
1939;-7.8;159.4;1;Jan
1940;-7.3;93.0;1;Jan
1941;-5.4;121.4;1;Jan
1942;-7.1;72.4;1;Jan
1943;-5.6;75.8;1;Jan
1944;-6.4;182.6;1;Jan
1945;-8.8;119.7;1;Jan
1946;-5.3;222.4;1;Jan
1947;-4.4;73.3;1;Jan
1948;-2.4;122.7;1;Jan
1949;-1.9;127.1;1;Jan
1950;-4.8;115.4;1;Jan
1951;-6.3;111.1;1;Jan
1952;-4.8;98.0;1;Jan
1953;-6.6;107.2;1;Jan
1954;-5.4;178.1;1;Jan
1955;-5.8;188.7;1;Jan
1956;-5.2;94.6;1;Jan
1957;-4.2;96.2;1;Jan
1958;-3.8;190.0;1;Jan
1959;-5.4;98.6;1;Jan
1960;-6.2;111.3;1;Jan
1961;-6.2;72.4;1;Jan
1962;-3.6;135.3;1;Jan
1963;-4.7;68.2;1;Jan
1964;-3.8;98.1;1;Jan
1965;-2.8;105.2;1;Jan
1966;-4.7;181.0;1;Jan
1967;-6.3;96.4;1;Jan
1968;-3.4;103.0;1;Jan
1969;-5.5;69.5;1;Jan
1970;-5.9;106.0;1;Jan
1971;-5.0;108.5;1;Jan
1972;-3.9;148.5;1;Jan
1973;-2.7;87.5;1;Jan
1974;-3.3;99.0;1;Jan
1975;-4.2;85.0;1;Jan
1976;-4.1;109.0;1;Jan
1977;-7.5;94.0;1;Jan
1978;-5.2;168.0;1;Jan
1979;-5.3;103.5;1;Jan
1980;-3.9;97.0;1;Jan
1981;-4.9;162.0;1;Jan
1982;-4.4;122.0;1;Jan
1983;-2.9;64.0;1;Jan
1984;-4.7;70.5;1;Jan
1985;-6.9;156.5;1;Jan
1986;-5.8;121.0;1;Jan
1987;-4.9;119.0;1;Jan
1988;-3.8;76.0;1;Jan
1989;-1.9;60.0;1;Jan
1990;-4.9;138.0;1;Jan
1991;-1.2;182.0;1;Jan
1992;-2.4;68.5;1;Jan
1993;-1.7;98.0;1;Jan
1994;-4.7;77.5;1;Jan
1995;-3.3;124.0;1;Jan
1996;-3.7;157.0;1;Jan
1997;-2.5;49.5;1;Jan
1998;-5.9;108.5;1;Jan
1999;-3.2;135.0;1;Jan
2000;-3.1;131.5;1;Jan
2001;-5.7;71.0;1;Jan
2002;-2.5;150.0;1;Jan
2003;-3.6;104.0;1;Jan
2004;-2.5;139.0;1;Jan
2005;-3.5;153.5;1;Jan
2006;-4.1;132.0;1;Jan
2007;-1.8;112.0;1;Jan
2008;-4.3;111.0;1;Jan
2009;-1.3;103.0;1;Jan
2010;-2.0;112.0;1;Jan
2011;-3.8;120.0;1;Jan
2012;-4.5;71.5;1;Jan
2013;-4.7;101.5;1;Jan
2014;-4.1;111.5;1;Jan
2015;-1.5;143.5;1;Jan
2016;-3.5;74.0;1;Jan
2017;-3.9;72.5;1;Jan
2018;-2.6;99.5;1;Jan
2019;-3.0;86.0;1;Jan
2020;-2.3;51.5;1;Jan
1877;-2.2;126.2;2;Feb
1878;-3.8;76.6;2;Feb
1879;-4.8;103.9;2;Feb
1880;-4.1;66.7;2;Feb
1881;-4.8;81.2;2;Feb
1882;-3.0;50.8;2;Feb
1883;-6.6;24.6;2;Feb
1884;-5.4;76.6;2;Feb
1885;-5.9;20.1;2;Feb
1886;-4.6;51.7;2;Feb
1887;-4.0;28.1;2;Feb
1888;-65;59.4;2;Feb
1889;-5.4;127.2;2;Feb
1890;-3.5;74.4;2;Feb
1891;-4.9;55.4;2;Feb
1892;-5.9;32.6;2;Feb
1893;-7.6;53.2;2;Feb
1894;-4.7;49.0;2;Feb
1895;-4.9;97.1;2;Feb
1896;-5.8;60.6;2;Feb
1897;-5.4;61.9;2;Feb
1898;-6.0;44.1;2;Feb
1899;-4.5;36.4;2;Feb
1900;-7.4;62.5;2;Feb
1901;-5.3;31.2;2;Feb
1902;-6.4;27.4;2;Feb
1903;-4.7;49.7;2;Feb
1904;-3.8;55.1;2;Feb
1905;-7.1;160.0;2;Feb
1906;-6.8;53.9;2;Feb
1907;-6.1;32.6;2;Feb
1908;-6.4;52.8;2;Feb
1909;-5.9;42.9;2;Feb
1910;-5.7;92.2;2;Feb
1911;-5.4;22.7;2;Feb
1912;-3.8;94.8;2;Feb
1913;-5.4;55.5;2;Feb
1914;-4.5;77.9;2;Feb
1915;-4.4;116.5;2;Feb
1916;-4.3;101.0;2;Feb
1917;-5.1;109.0;2;Feb
1918;-4.8;43.4;2;Feb
1919;-4.9;43.1;2;Feb
1920;-6.3;92.3;2;Feb
1921;-5.0;58.5;2;Feb
1922;-2.2;79.4;2;Feb
1923;-5.8;61.5;2;Feb
1924;-5.7;54.4;2;Feb
1925;-5.5;59.5;2;Feb
1926;-3.6;65.4;2;Feb
1927;-7.5;101.2;2;Feb
1928;-6.4;97.4;2;Feb
1929;-6.2;41.6;2;Feb
1930;-4.1;37.9;2;Feb
1931;-7.9;84.3;2;Feb
1932;-5.6;44.7;2;Feb
1933;-7.2;85.6;2;Feb
1934;-4.9;89.7;2;Feb
1935;-2.1;54.9;2;Feb
1936;-4.3;124.2;2;Feb
1937;-3.5;170.4;2;Feb
1938;-5.0;71.8;2;Feb
1939;-5.9;86.9;2;Feb
1940;-4.6;123.3;2;Feb
1941;-5.0;98.9;2;Feb
1942;-7.0;26.4;2;Feb
1943;-4.8;79.3;2;Feb
1944;-6.3;85.3;2;Feb
1945;-6.5;86.2;2;Feb
1946;-5.2;90.7;2;Feb
1947;-5.2;35.7;2;Feb
1948;-4.1;95.4;2;Feb
1949;-1.4;85.7;2;Feb
1950;-3.1;63.5;2;Feb
1951;-5.0;105.7;2;Feb
1952;-6.9;32.7;2;Feb
1953;-6.1;70.7;2;Feb
1954;-3.1;83.1;2;Feb
1955;-3.7;122.3;2;Feb
1956;-4.6;40.3;2;Feb
1957;-5.1;74.5;2;Feb
1958;-2.4;145.0;2;Feb
1959;-1.9;62.9;2;Feb
1960;-3.2;62.3;2;Feb
1961;-4.0;108.5;2;Feb
1962;-3.9;68.4;2;Feb
1963;-2.9;59.9;2;Feb
1964;-6.1;119.2;2;Feb
1965;-4.3;177.1;2;Feb
1966;-3.9;74.0;2;Feb
1967;-4.4;36.9;2;Feb
1968;-4.8;101.5;2;Feb
1969;-5.3;107.5;2;Feb
1970;-3.0;89.5;2;Feb
1971;-3.7;50.0;2;Feb
1972;-3.8;267.5;2;Feb
1973;-2.3;69.0;2;Feb
1974;-3.2;71.5;2;Feb
1975;-4.4;60.0;2;Feb
1976;-2.8;60.5;2;Feb
1977;-5.5;86.0;2;Feb
1978;-7.6;105.0;2;Feb
1979;-2.6;109.0;2;Feb
1980;-5.7;149.0;2;Feb
1981;-3.2;41.0;2;Feb
1982;-4.6;92.0;2;Feb
1983;-4.5;126.0;2;Feb
1984;-5.6;148.5;2;Feb
1985;-2.2;99.5;2;Feb
1986;-5.5;60.5;2;Feb
1987;-3.8;82.0;2;Feb
1988;-5.2;104.5;2;Feb
1989;-1.4;27.5;2;Feb
1990;-0.7;75.0;2;Feb
1991;-2.8;106.0;2;Feb
1992;-2.5;53.5;2;Feb
1993;-2.1;105.5;2;Feb
1994;-1.3;222.5;2;Feb
1995;-2.3;59.5;2;Feb
1996;-3.4;77.5;2;Feb
1997;-1.8;120.0;2;Feb
1998;-3.6;69.0;2;Feb
1999;-3.6;84.0;2;Feb
2000;-3.8;89.5;2;Feb
2001;-5.5;64.0;2;Feb
2002;-0.6;60.5;2;Feb
2003;-3.5;59.5;2;Feb
2004;-1.3;158.5;2;Feb
2005;-3.9;120.5;2;Feb
2006;-2.7;89.0;2;Feb
2007;-1.5;111.5;2;Feb
2008;-3.4;111.0;2;Feb
2009;-2.2;143.0;2;Feb
2010;-3.2;59.5;2;Feb
2011;-1.1;69.5;2;Feb
2012;-4.4;57.0;2;Feb
2013;-4.0;117.0;2;Feb
2014;-3.5;89.0;2;Feb
2015;-0.8;59.5;2;Feb
2016;-2.3;109.5;2;Feb
2017;-2.0;57.5;2;Feb
2018;-4.2;43.0;2;Feb
2019;-2.6;32.5;2;Feb
2020;-2.1;157.0;2;Feb
1877;1.4;78.3;3;Mar
1878;-0.2;174.5;3;Mar
1879;-0.4;55.4;3;Mar
1880;0.0;84.7;3;Mar
1881;-2.3;74.8;3;Mar
1882;-0.9;69.2;3;Mar
1883;-3.6;28.4;3;Mar
1884;-3.4;62.1;3;Mar
1885;-2.5;50.2;3;Mar
1886;-0.3;20.0;3;Mar
1887;-1.0;85.8;3;Mar
1888;-1.1;60.9;3;Mar
1889;-1.6;85.1;3;Mar
1890;1.2;61.3;3;Mar
1891;1.7;33.4;3;Mar
1892;-3.9;96.5;3;Mar
1893;-1.5;18.7;3;Mar
1894;-0.9;83.1;3;Mar
1895;-3.7;89.8;3;Mar
1896;-3.3;59.2;3;Mar
1897;-2.7;28.3;3;Mar
1898;-5.6;74.5;3;Mar
1899;-1.5;69.9;3;Mar
1900;-3.0;64.8;3;Mar
1901;-1.5;78.9;3;Mar
1902;-0.6;31.4;3;Mar
1903;1.1;49.3;3;Mar
1904;-0.9;61.9;3;Mar
1905;-2.2;31.5;3;Mar
1906;-1.2;46.7;3;Mar
1907;-2.3;53.4;3;Mar
1908;-3.0;139.9;3;Mar
1909;-3.6;41.5;3;Mar
1910;-2.1;26.6;3;Mar
1911;-0.9;68.2;3;Mar
1912;-1.7;116.0;3;Mar
1913;-2.6;36.0;3;Mar
1914;1.2;88.7;3;Mar
1915;-2.2;71.1;3;Mar
1916;-3.1;43.0;3;Mar
1917;-1.8;40.1;3;Mar
1918;-0.8;81.0;3;Mar
1919;-1.1;72.3;3;Mar
1920;-0.2;45.0;3;Mar
1921;-1.7;42.7;3;Mar
1922;-2.5;55.7;3;Mar
1923;-0.3;50.8;3;Mar
1924;-4.3;70.7;3;Mar
1925;-3.6;80.7;3;Mar
1926;-1.1;83.3;3;Mar
1927;-1.5;43.8;3;Mar
1928;-0.4;40.1;3;Mar
1929;-1.7;68.5;3;Mar
1930;0.5;94.3;3;Mar
1931;-0.4;45.8;3;Mar
1932;-1.2;71.0;3;Mar
1933;-3.6;38.2;3;Mar
1934;-1.6;77.8;3;Mar
1935;-0.3;115.3;3;Mar
1936;-1.4;31.2;3;Mar
1937;-1.7;43.0;3;Mar
1938;0.0;36.9;3;Mar
1939;-1.2;99.2;3;Mar
1940;0.1;39.7;3;Mar
1941;-1.3;59.6;3;Mar
1942;0.1;90.0;3;Mar
1943;-1.0;63.3;3;Mar
1944;-1.2;43.1;3;Mar
1945;-1.3;74.9;3;Mar
1946;-2.8;74.9;3;Mar
1947;-1.4;87.7;3;Mar
1948;-0.4;54.0;3;Mar
1949;-2.1;106.4;3;Mar
1950;-0.4;78.3;3;Mar
1951;-1.2;76.5;3;Mar
1952;-1.4;46.2;3;Mar
1953;0.1;72.7;3;Mar
1954;-1.3;25.8;3;Mar
1955;-0.8;103.3;3;Mar
1956;0.0;100.7;3;Mar
1957;-1.9;69.1;3;Mar
1958;-0.5;75.1;3;Mar
1959;1.6;49.0;3;Mar
1960;-0.4;66.2;3;Mar
1961;0.0;72.2;3;Mar
1962;-0.9;91.8;3;Mar
1963;1.1;58.0;3;Mar
1964;0.2;38.0;3;Mar
1965;-1.2;95.4;3;Mar
1966;0.8;143.0;3;Mar
1967;0.6;89.3;3;Mar
1968;1.8;37.0;3;Mar
1969;-1.4;40.0;3;Mar
1970;-3.0;151.0;3;Mar
1971;0.0;47.5;3;Mar
1972;0.2;42.0;3;Mar
1973;-1.9;89.0;3;Mar
1974;-0.9;40.5;3;Mar
1975;-0.3;135.0;3;Mar
1976;0.0;68.5;3;Mar
1977;-0.1;74.0;3;Mar
1978;-0.7;110.5;3;Mar
1979;-0.6;112.0;3;Mar
1980;-0.5;108.0;3;Mar
1981;-0.5;139.0;3;Mar
1982;0.7;98.0;3;Mar
1983;0.1;72.5;3;Mar
1984;-2.2;81.0;3;Mar
1985;-0.1;39.0;3;Mar
1986;-0.4;87.5;3;Mar
1987;-0.1;82.5;3;Mar
1988;-0.1;66.5;3;Mar
1989;2.4;64.0;3;Mar
1990;2.9;77.5;3;Mar
1991;0.3;60.5;3;Mar
1992;1.0;52.5;3;Mar
1993;1.3;45.0;3;Mar
1994;-0.5;156.5;3;Mar
1995;0.9;50.0;3;Mar
1996;0.5;73.0;3;Mar
1997;0.2;59.5;3;Mar
1998;1.6;83.0;3;Mar
1999;-0.5;86.0;3;Mar
2000;0.2;103.0;3;Mar
2001;0.2;83.0;3;Mar
2002;2.5;45.0;3;Mar
2003;0.7;65.0;3;Mar
2004;0.7;42.5;3;Mar
2005;0.1;124.0;3;Mar
2006;1.3;116.5;3;Mar
2007;0.9;91.0;3;Mar
2008;3.3;32.0;3;Mar
2009;1.5;79.0;3;Mar
2010;-0.1;79.5;3;Mar
2011;0.7;60.5;3;Mar
2012;0.1;44.5;3;Mar
2013;0.0;108.0;3;Mar
2014;0.5;64.0;3;Mar
2015;3.8;125.5;3;Mar
2016;2.1;60.5;3;Mar
2017;1.4;75.5;3;Mar
2018;2.4;115.5;3;Mar
2019;2.5;39.0;3;Mar
2020;3.3;107.5;3;Mar
1877;6.6;39.1;4;Apr
1878;5.3;18.9;4;Apr
1879;3.5;65.5;4;Apr
1880;5.3;30.7;4;Apr
1881;3.2;42.3;4;Apr
1882;6.3;120.1;4;Apr
1883;3.3;36.4;4;Apr
1884;3.4;23.6;4;Apr
1885;3.2;17.7;4;Apr
1886;7.2;11.0;4;Apr
1887;4.6;77.3;4;Apr
1888;6.2;52.1;4;Apr
1889;4.6;79.8;4;Apr
1890;6.9;169.1;4;Apr
1891;5.0;29.5;4;Apr
1892;4.8;51.7;4;Apr
1893;4.9;49.2;4;Apr
1894;6.2;46.0;4;Apr
1895;5.1;35.9;4;Apr
1896;5.6;30.6;4;Apr
1897;3.3;96.0;4;Apr
1898;4.8;23.7;4;Apr
1899;5.6;54.0;4;Apr
1900;4.9;39.8;4;Apr
1901;6.9;21.5;4;Apr
1902;4.3;93.9;4;Apr
1903;7.5;8.9;4;Apr
1904;6.1;32.9;4;Apr
1905;2.9;53.9;4;Apr
1906;5.2;41.1;4;Apr
1907;5.8;50.4;4;Apr
1908;5.0;34.7;4;Apr
1909;6.4;126.4;4;Apr
1910;5.5;45.4;4;Apr
1911;5.2;66.2;4;Apr
1912;4.8;57.3;4;Apr
1913;5.7;26.6;4;Apr
1914;4.8;71.1;4;Apr
1915;4.0;72.2;4;Apr
1916;4.1;63.4;4;Apr
1917;4.9;75.4;4;Apr
1918;5.2;57.4;4;Apr
1919;4.9;41.2;4;Apr
1920;6.4;47.1;4;Apr
1921;6.8;89.7;4;Apr
1922;6.4;77.0;4;Apr
1923;4.7;49.4;4;Apr
1924;6.6;40.5;4;Apr
1925;5.0;33.2;4;Apr
1926;3.3;59.5;4;Apr
1927;7.0;40.6;4;Apr
1928;5.7;16.4;4;Apr
1929;3.7;89.5;4;Apr
1930;5.7;22.1;4;Apr
1931;4.3;109.8;4;Apr
1932;5.4;113.3;4;Apr
1933;4.3;42.4;4;Apr
1934;4.9;39.9;4;Apr
1935;5.5;90.3;4;Apr
1936;4.5;70.9;4;Apr
1937;5.1;49.8;4;Apr
1938;6.6;35.9;4;Apr
1939;4.8;37.8;4;Apr
1940;4.8;87.7;4;Apr
1941;4.7;38.0;4;Apr
1942;6.2;60.7;4;Apr
1943;5.1;50.1;4;Apr
1944;3.8;48.1;4;Apr
1945;5.8;52.1;4;Apr
1946;6.1;32.2;4;Apr
1947;5.9;128.3;4;Apr
1948;8.0;48.4;4;Apr
1949;4.2;86.5;4;Apr
1950;6.8;34.4;4;Apr
1951;5.8;68.1;4;Apr
1952;6.1;52.1;4;Apr
1953;5.5;56.0;4;Apr
1954;6.8;42.9;4;Apr
1955;6.0;68.2;4;Apr
1956;6.3;93.6;4;Apr
1957;6.5;50.6;4;Apr
1958;5.8;31.4;4;Apr
1959;8.4;140.7;4;Apr
1960;5.2;121.9;4;Apr
1961;7.4;30.4;4;Apr
1962;8.4;69.9;4;Apr
1963;6.6;96.3;4;Apr
1964;6.2;112.5;4;Apr
1965;4.6;56.6;4;Apr
1966;5.4;75.8;4;Apr
1967;6.5;63.1;4;Apr
1968;7.1;37.0;4;Apr
1969;6.0;32.0;4;Apr
1970;5.9;45.5;4;Apr
1971;6.4;20.0;4;Apr
1972;6.9;67.0;4;Apr
1973;6.8;46.5;4;Apr
1974;6.4;105.5;4;Apr
1975;7.6;46.5;4;Apr
1976;5.9;23.0;4;Apr
1977;5.2;131.0;4;Apr
1978;5.4;43.5;4;Apr
1979;4.6;41.0;4;Apr
1980;4.1;86.0;4;Apr
1981;6.6;89.5;4;Apr
1982;6.1;132.5;4;Apr
1983;9.5;24.5;4;Apr
1984;5.0;32.5;4;Apr
1985;7.6;54.5;4;Apr
1986;6.9;53.0;4;Apr
1987;6.0;38.5;4;Apr
1988;7.1;61.5;4;Apr
1989;7.3;68.5;4;Apr
1990;7.9;86.5;4;Apr
1991;8.0;77.5;4;Apr
1992;6.9;29.5;4;Apr
1993;6.2;89.0;4;Apr
1994;7.0;41.5;4;Apr
1995;7.3;107.0;4;Apr
1996;5.8;30.0;4;Apr
1997;7.2;15.5;4;Apr
1998;9.0;28.5;4;Apr
1999;6.9;32.5;4;Apr
2000;6.1;123.5;4;Apr
2001;8.3;28.0;4;Apr
2002;9.6;30.5;4;Apr
2003;8.2;61.0;4;Apr
2004;6.6;28.5;4;Apr
2005;6.2;55.0;4;Apr
2006;5.2;95.0;4;Apr
2007;6.3;57.5;4;Apr
2008;9.4;6.0;4;Apr
2009;7.7;58.0;4;Apr
2010;5.5;67.5;4;Apr
2011;6.9;69.5;4;Apr
2012;7.0;34.5;4;Apr
2013;6.3;115.0;4;Apr
2014;7.3;24.0;4;Apr
2015;8.7;90.0;4;Apr
2016;7.8;58.5;4;Apr
2017;7.7;65.5;4;Apr
2018;8.2;36.5;4;Apr
2019;8.0;30.5;4;Apr
2020;6.8;52.5;4;Apr
1877;9.7;73.0;5;May
1878;10.9;142.5;5;May
1879;10.9;27.0;5;May
1880;11.0;69.2;5;May
1881;12.1;52.0;5;May
1882;11.1;136.5;5;May
1883;8.9;60.5;5;May
1884;10.2;66.3;5;May
1885;9.0;98.6;5;May
1886;11.2;44.3;5;May
1887;9.6;78.3;5;May
1888;11.0;50.3;5;May
1889;8.9;24.4;5;May
1890;11.9;25.4;5;May
1891;11.7;27.2;5;May
1892;10.9;30.9;5;May
1893;8.6;70.5;5;May
1894;9.4;60.2;5;May
1895;10.6;107.6;5;May
1896;12.3;26.8;5;May
1897;9.8;83.0;5;May
1898;9.0;72.7;5;May
1899;11.8;43.4;5;May
1900;10.7;65.2;5;May
1901;11.5;68.9;5;May
1902;9.2;119.6;5;May
1903;9.8;84.2;5;May
1904;10.8;37.1;5;May
1905;11.2;46.0;5;May
1906;11.1;55.8;5;May
1907;10.6;124.5;5;May
1908;9.2;92.6;5;May
1909;11.0;113.7;5;May
1910;10.6;27.0;5;May
1911;11.3;11.3;5;May
1912;9.7;170.8;5;May
1913;9.4;53.4;5;May
1914;12.5;20.9;5;May
1915;8.2;32.8;5;May
1916;9.7;76.8;5;May
1917;9.8;45.9;5;May
1918;11.0;37.3;5;May
1919;10.2;53.9;5;May
1920;11.1;105.0;5;May
1921;9.9;95.5;5;May
1922;9.9;58.8;5;May
1923;10.7;76.9;5;May
1924;9.5;56.3;5;May
1925;10.6;51.0;5;May
1926;10.0;53.4;5;May
1927;10.0;60.9;5;May
1928;11.6;50.7;5;May
1929;10.1;43.7;5;May
1930;10.9;51.8;5;May
1931;9.2;128.8;5;May
1932;11.5;61.2;5;May
1933;11.5;48.4;5;May
1934;10.9;93.7;5;May
1935;10.4;79.3;5;May
1936;10.2;19.4;5;May
1937;9.7;35.6;5;May
1938;12.4;77.2;5;May
1939;10.4;55.1;5;May
1940;11.5;19.2;5;May
1941;10.6;81.5;5;May
1942;10.6;53.3;5;May
1943;10.6;41.9;5;May
1944;11.7;25.2;5;May
1945;9.0;65.9;5;May
1946;10.1;41.7;5;May
1947;11.3;56.6;5;May
1948;13.5;86.5;5;May
1949;13.1;48.5;5;May
1950;12.5;61.2;5;May
1951;12.2;28.8;5;May
1952;11.4;59.9;5;May
1953;11.3;70.8;5;May
1954;10.6;58.2;5;May
1955;10.2;109.9;5;May
1956;14.0;19.0;5;May
1957;12.1;105.4;5;May
1958;11.4;30.1;5;May
1959;12.9;49.6;5;May
1960;11.0;64.3;5;May
1961;12.5;102.0;5;May
1962;12.7;20.8;5;May
1963;12.9;72.2;5;May
1964;12.7;69.1;5;May
1965;11.8;38.8;5;May
1966;12.2;43.3;5;May
1967;13.6;49.2;5;May
1968;11.6;92.5;5;May
1969;11.0;78.0;5;May
1970;13.8;38.0;5;May
1971;10.4;64.5;5;May
1972;11.8;115.5;5;May
1973;12.1;41.0;5;May
1974;12.0;48.5;5;May
1975;11.9;36.5;5;May
1976;12.7;33.0;5;May
1977;11.2;75.0;5;May
1978;12.0;92.0;5;May
1979;10.9;38.0;5;May
1980;12.3;28.0;5;May
1981;10.3;71.0;5;May
1982;13.0;26.5;5;May
1983;12.4;43.0;5;May
1984;11.4;34.0;5;May
1985;12.4;14.0;5;May
1986;11.4;48.0;5;May
1987;12.0;64.5;5;May
1988;11.4;91.5;5;May
1989;11.4;50.0;5;May
1990;13.4;25.0;5;May
1991;13.8;23.0;5;May
1992;11.7;54.0;5;May
1993;11.9;43.5;5;May
1994;13.5;54.0;5;May
1995;13.3;50.5;5;May
1996;10.5;88.0;5;May
1997;11.9;74.0;5;May
1998;13.5;58.0;5;May
1999;11.9;93.5;5;May
2000;14.0;76.0;5;May
2001;13.4;17.0;5;May
2002;13.6;41.0;5;May
2003;12.9;31.0;5;May
2004;13.8;76.0;5;May
2005;10.7;62.0;5;May
2006;12.9;45.0;5;May
2007;12.5;87.0;5;May
2008;12.4;65.5;5;May
2009;13.9;42.5;5;May
2010;12.2;44.5;5;May
2011;11.1;56.5;5;May
2012;13.0;83.5;5;May
2013;11.3;61.5;5;May
2014;14.0;60.0;5;May
2015;14.2;37.0;5;May
2016;14.9;40.5;5;May
2017;14.4;57.5;5;May
2018;13.4;66.0;5;May
2019;15.7;29.5;5;May
2020;13.7;45.5;5;May
1877;16.7;90.4;6;Jun
1878;16.5;21.6;6;Jun
1879;16.2;62.3;6;Jun
1880;14.7;34.8;6;Jun
1881;16.8;30.6;6;Jun
1882;15.2;59.9;6;Jun
1883;14.3;55.2;6;Jun
1884;14.0;57.0;6;Jun
1885;14.4;26.6;6;Jun
1886;16.3;116.8;6;Jun
1887;14.8;39.5;6;Jun
1888;11.1;149.9;6;Jun
1889;13.9;32.5;6;Jun
1890;15.3;26.8;6;Jun
1891;16.0;12.1;6;Jun
1892;15.7;43.7;6;Jun
1893;14.7;52.1;6;Jun
1894;17.6;30.8;6;Jun
1895;13.8;55.1;6;Jun
1896;16.3;39.6;6;Jun
1897;12.9;34.2;6;Jun
1898;14.5;37.4;6;Jun
1899;15.3;93.2;6;Jun
1900;14.5;51.8;6;Jun
1901;14.0;107.8;6;Jun
1902;13.1;45.6;6;Jun
1903;13.8;70.6;6;Jun
1904;16.5;72.6;6;Jun
1905;15.1;109.3;6;Jun
1906;12.9;28.3;6;Jun
1907;13.5;91.4;6;Jun
1908;13.5;34.1;6;Jun
1909;15.2;60.4;6;Jun
1910;15.2;185.7;6;Jun
1911;15.7;80.1;6;Jun
1912;14.9;52.3;6;Jun
1913;12.8;41.5;6;Jun
1914;14.8;61.0;6;Jun
1915;16.1;29.3;6;Jun
1916;16.7;81.6;6;Jun
1917;14.6;111.3;6;Jun
1918;15.2;84.2;6;Jun
1919;14.2;141.7;6;Jun
1920;16.4;96.0;6;Jun
1921;14.5;24.9;6;Jun
1922;15.5;85.6;6;Jun
1923;14.4;85.1;6;Jun
1924;14.9;32.1;6;Jun
1925;17.0;43.2;6;Jun
1926;14.5;42.5;6;Jun
1927;14.7;23.7;6;Jun
1928;14.7;51.0;6;Jun
1929;14.3;38.9;6;Jun
1930;15.0;54.4;6;Jun
1931;13.4;127.5;6;Jun
1932;15.9;34.1;6;Jun
1933;15.2;55.8;6;Jun
1934;16.7;55.1;6;Jun
1935;14.9;102.3;6;Jun
1936;16.2;44.4;6;Jun
1937;14.7;24.5;6;Jun
1938;15.3;54.1;6;Jun
1939;16.1;92.1;6;Jun
1940;14.5;89.7;6;Jun
1941;14.9;98.0;6;Jun
1942;15.8;118.5;6;Jun
1943;16.7;34.4;6;Jun
1944;16.3;71.6;6;Jun
1945;13.9;54.9;6;Jun
1946;18.1;64.0;6;Jun
1947;14.5;26.6;6;Jun
1948;16.4;43.8;6;Jun
1949;15.2;31.4;6;Jun
1950;16.4;38.3;6;Jun
1951;15.9;99.7;6;Jun
1952;16.4;103.9;6;Jun
1953;15.5;74.2;6;Jun
1954;13.8;44.3;6;Jun
1955;16.3;67.1;6;Jun
1956;14.9;133.7;6;Jun
1957;14.1;56.6;6;Jun
1958;15.9;60.1;6;Jun
1959;15.7;46.3;6;Jun
1960;15.3;88.5;6;Jun
1961;17.5;32.8;6;Jun
1962;16.1;55.8;6;Jun
1963;15.6;85.4;6;Jun
1964;15.8;158.6;6;Jun
1965;16.1;46.1;6;Jun
1966;15.7;96.3;6;Jun
1967;15.7;123.2;6;Jun
1968;16.7;38.0;6;Jun
1969;15.0;102.0;6;Jun
1970;16.0;95.5;6;Jun
1971;14.4;81.5;6;Jun
1972;15.7;87.0;6;Jun
1973;15.8;13.0;6;Jun
1974;16.1;101.5;6;Jun
1975;16.5;67.0;6;Jun
1976;15.4;78.5;6;Jun
1977;15.9;7.5;6;Jun
1978;17.8;91.5;6;Jun
1979;17.5;48.0;6;Jun
1980;17.6;125.5;6;Jun
1981;14.9;50.0;6;Jun
1982;15.8;52.5;6;Jun
1983;13.6;59.0;6;Jun
1984;18.2;38.0;6;Jun
1985;15.5;9.0;6;Jun
1986;16.1;23.5;6;Jun
1987;17.3;17.0;6;Jun
1988;16.6;79.5;6;Jun
1989;15.2;91.0;6;Jun
1990;17.7;37.5;6;Jun
1991;18.8;28.0;6;Jun
1992;16.4;25.5;6;Jun
1993;15.4;73.5;6;Jun
1994;16.9;5.5;6;Jun
1995;15.6;35.0;6;Jun
1996;15.7;29.0;6;Jun
1997;15.8;21.0;6;Jun
1998;15.5;83.0;6;Jun
1999;17.8;32.5;6;Jun
2000;16.7;50.5;6;Jun
2001;16.7;42.0;6;Jun
2002;15.9;64.5;6;Jun
2003;17.1;68.5;6;Jun
2004;18.5;58.0;6;Jun
2005;18.3;51.0;6;Jun
2006;15.7;77.0;6;Jun
2007;18.8;38.0;6;Jun
2008;17.0;40.0;6;Jun
2009;17.5;50.0;6;Jun
2010;19.2;73.0;6;Jun
2011;17.3;43.0;6;Jun
2012;17.1;51.5;6;Jun
2013;17.6;62.0;6;Jun
2014;18.7;99.0;6;Jun
2015;16.7;66.5;6;Jun
2016;16.3;112.5;6;Jun
2017;16.0;168.5;6;Jun
2018;16.6;141.5;6;Jun
2019;17.4;71.0;6;Jun
2020;18.3;51.5;6;Jun
1877;21.1;48.8;7;Jul
1878;19.8;90.9;7;Jul
1879;21.4;52.7;7;Jul
1880;20.6;22.9;7;Jul
1881;18.5;59.0;7;Jul
1882;19.0;70.1;7;Jul
1883;21.0;9.6;7;Jul
1884;19.2;43.2;7;Jul
1885;17.9;57.8;7;Jul
1886;20.7;79.9;7;Jul
1887;19.7;33.3;7;Jul
1888;20.4;43.9;7;Jul
1889;19.3;76.9;7;Jul
1890;19.1;72.5;7;Jul
1891;18.9;198.0;7;Jul
1892;21.3;53.7;7;Jul
1893;17.8;54.9;7;Jul
1894;20.6;78.7;7;Jul
1895;17.2;55.3;7;Jul
1896;18.3;245.4;7;Jul
1897;18.1;35.0;7;Jul
1898;19.4;132.2;7;Jul
1899;19.4;171.5;7;Jul
1900;17.2;45.0;7;Jul
1901;18.2;84.6;7;Jul
1902;16.4;124.4;7;Jul
1903;17.9;59.7;7;Jul
1904;19.4;228.0;7;Jul
1905;18.6;50.6;7;Jul
1906;20.0;31.9;7;Jul
1907;18.1;96.9;7;Jul
1908;17.4;34.6;7;Jul
1909;19.0;80.8;7;Jul
1910;18.8;100.8;7;Jul
1911;18.6;66.5;7;Jul
1912;18.0;36.4;7;Jul
1913;16.9;86.9;7;Jul
1914;18.5;127.5;7;Jul
1915;17.9;97.2;7;Jul
1916;20.1;41.7;7;Jul
1917;19.6;123.2;7;Jul
1918;19.9;86.8;7;Jul
1919;20.5;66.7;7;Jul
1920;21.3;81.7;7;Jul
1921;20.4;62.9;7;Jul
1922;19.9;76.0;7;Jul
1923;18.8;82.2;7;Jul
1924;22.7;52.0;7;Jul
1925;18.8;52.1;7;Jul
1926;18.9;98.2;7;Jul
1927;21.0;207.4;7;Jul
1928;20.5;31.3;7;Jul
1929;21.4;30.9;7;Jul
1930;20.2;66.9;7;Jul
1931;16.0;103.7;7;Jul
1932;18.5;125.4;7;Jul
1933;22.4;98.6;7;Jul
1934;17.7;37.5;7;Jul
1935;19.2;102.0;7;Jul
1936;19.0;245.2;7;Jul
1937;22.1;173.4;7;Jul
1938;19.9;61.0;7;Jul
1939;21.1;158.6;7;Jul
1940;20.1;105.4;7;Jul
1941;17.5;138.5;7;Jul
1942;20.4;85.0;7;Jul
1943;22.3;88.9;7;Jul
1944;21.2;119.6;7;Jul
1945;16.7;98.1;7;Jul
1946;21.4;87.5;7;Jul
1947;20.4;57.9;7;Jul
1948;21.8;51.0;7;Jul
1949;20.4;28.0;7;Jul
1950;22.8;136.8;7;Jul
1951;19.7;62.1;7;Jul
1952;20.4;140.3;7;Jul
1953;20.1;154.3;7;Jul
1954;17.7;58.4;7;Jul
1955;23.7;40.8;7;Jul
1956;18.2;70.5;7;Jul
1957;19.7;51.2;7;Jul
1958;20.1;164.4;7;Jul
1959;20.1;58.9;7;Jul
1960;20.0;86.1;7;Jul
1961;21.6;193.0;7;Jul
1962;20.1;125.0;7;Jul
1963;20.3;99.1;7;Jul
1964;18.7;109.7;7;Jul
1965;18.6;63.6;7;Jul
1966;18.5;58.2;7;Jul
1967;20.9;100.4;7;Jul
1968;20.6;48.0;7;Jul
1969;20.6;58.5;7;Jul
1970;21.4;66.0;7;Jul
1971;19.0;91.5;7;Jul
1972;20.6;29.5;7;Jul
1973;20.6;15.5;7;Jul
1974;19.9;47.5;7;Jul
1975;19.9;109.5;7;Jul
1976;20.4;18.5;7;Jul
1977;21.3;58.0;7;Jul
1978;23.2;46.0;7;Jul
1979;19.4;85.5;7;Jul
1980;19.4;86.0;7;Jul
1981;21.0;41.0;7;Jul
1982;20.4;44.5;7;Jul
1983;18.2;44.0;7;Jul
1984;22.1;44.5;7;Jul
1985;20.3;107.0;7;Jul
1986;18.2;66.5;7;Jul
1987;20.6;98.5;7;Jul
1988;18.3;24.0;7;Jul
1989;21.0;35.0;7;Jul
1990;20.8;48.5;7;Jul
1991;20.2;76.5;7;Jul
1992;20.7;45.0;7;Jul
1993;19.1;36.0;7;Jul
1994;22.2;41.0;7;Jul
1995;21.5;86.5;7;Jul
1996;20.4;88.5;7;Jul
1997;22.0;81.0;7;Jul
1998;20.3;71.0;7;Jul
1999;22.1;154.5;7;Jul
2000;22.2;194.0;7;Jul
2001;20.7;111.0;7;Jul
2002;20.5;128.0;7;Jul
2003;17.7;29.0;7;Jul
2004;21.3;70.5;7;Jul
2005;20.1;119.0;7;Jul
2006;20.6;106.5;7;Jul
2007;19.6;45.0;7;Jul
2008;21.4;63.5;7;Jul
2009;19.7;187.5;7;Jul
2010;22.1;143.5;7;Jul
2011;21.8;129.0;7;Jul
2012;21.8;81.5;7;Jul
2013;22.5;54.5;7;Jul
2014;22.5;76.5;7;Jul
2015;21.3;64.0;7;Jul
2016;20.7;118.5;7;Jul
2017;22.9;75.5;7;Jul
2018;21.4;155.5;7;Jul
2019;21.7;31.5;7;Jul
2020;21.2;56.5;7;Jul
1877;22.6;118.1;8;Aug
1878;20.3;173.4;8;Aug
1879;21.6;165.5;8;Aug
1880;23.5;85.1;8;Aug
1881;21.4;84.8;8;Aug
1882;21.5;94.6;8;Aug
1883;21.7;6.9;8;Aug
1884;18.4;87.6;8;Aug
1885;20.6;147.2;8;Aug
1886;22.8;139.5;8;Aug
1887;21.8;61.6;8;Aug
1888;20.4;121.4;8;Aug
1889;20.7;141.8;8;Aug
1890;22.8;50.5;8;Aug
1891;19.1;161.0;8;Aug
1892;20.7;173.9;8;Aug
1893;20.6;80.2;8;Aug
1894;20.5;139.3;8;Aug
1895;21.0;45.9;8;Aug
1896;21.2;133.5;8;Aug
1897;20.2;38.2;8;Aug
1898;20.8;139.6;8;Aug
1899;19.5;150.5;8;Aug
1900;20.9;149.9;8;Aug
1901;20.8;92.8;8;Aug
1902;17.9;40.1;8;Aug
1903;19.2;35.1;8;Aug
1904;22.0;64.5;8;Aug
1905;18.7;49.6;8;Aug
1906;19.9;30.5;8;Aug
1907;23.3;114.3;8;Aug
1908;22.0;76.8;8;Aug
1909;20.8;52.8;8;Aug
1910;20.6;28.6;8;Aug
1911;19.7;172.8;8;Aug
1912;20.8;109.5;8;Aug
1913;18.4;284.3;8;Aug
1914;20.3;149.0;8;Aug
1915;21.3;32.3;8;Aug
1916;22.9;21.4;8;Aug
1917;21.4;28.4;8;Aug
1918;21.4;109.7;8;Aug
1919;19.9;81.3;8;Aug
1920;22.5;157.6;8;Aug
1921;21.2;34.7;8;Aug
1922;21.2;207.7;8;Aug
1923;21.0;82.5;8;Aug
1924;22.2;103.6;8;Aug
1925;22.6;72.3;8;Aug
1926;19.9;83.3;8;Aug
1927;22.0;163.0;8;Aug
1928;22.7;53.2;8;Aug
1929;21.3;233.6;8;Aug
1930;22.2;284.0;8;Aug
1931;21.3;132.0;8;Aug
1932;19.8;291.7;8;Aug
1933;22.8;138.6;8;Aug
1934;19.6;83.1;8;Aug
1935;19.3;171.3;8;Aug
1936;20.5;75.9;8;Aug
1937;21.7;60.5;8;Aug
1938;23.5;13.2;8;Aug
1939;22.1;138.4;8;Aug
1940;21.0;97.2;8;Aug
1941;19.6;53.3;8;Aug
1942;20.0;112.2;8;Aug
1943;23.6;64.7;8;Aug
1944;22.7;44.8;8;Aug
1945;22.1;106.6;8;Aug
1946;24.2;21.5;8;Aug
1947;21.1;92.8;8;Aug
1948;23.7;77.9;8;Aug
1949;23.5;42.1;8;Aug
1950;24.0;212.6;8;Aug
1951;24.0;61.3;8;Aug
1952;21.3;55.0;8;Aug
1953;20.2;124.0;8;Aug
1954;20.6;143.3;8;Aug
1955;22.3;190.1;8;Aug
1956;19.1;226.2;8;Aug
1957;21.6;122.8;8;Aug
1958;20.8;112.0;8;Aug
1959;21.3;87.8;8;Aug
1960;23.0;63.3;8;Aug
1961;21.7;98.5;8;Aug
1962;20.6;357.4;8;Aug
1963;21.5;80.7;8;Aug
1964;21.5;152.1;8;Aug
1965;22.1;26.6;8;Aug
1966;22.0;118.5;8;Aug
1967;22.1;92.1;8;Aug
1968;20.8;129.0;8;Aug
1969;19.6;170.5;8;Aug
1970;21.5;99.0;8;Aug
1971;20.3;40.0;8;Aug
1972;21.7;63.5;8;Aug
1973;23.0;277.0;8;Aug
1974;21.3;156.0;8;Aug
1975;22.3;342.5;8;Aug
1976;19.4;104.5;8;Aug
1977;20.3;190.5;8;Aug
1978;23.2;69.5;8;Aug
1979;22.1;41.5;8;Aug
1980;19.0;126.0;8;Aug
1981;20.9;644.0;8;Aug
1982;22.8;47.0;8;Aug
1983;22.3;97.0;8;Aug
1984;23.6;39.0;8;Aug
1985;24.6;43.0;8;Aug
1986;22.3;71.0;8;Aug
1987;20.6;134.5;8;Aug
1988;22.9;165.0;8;Aug
1989;23.0;146.5;8;Aug
1990;23.1;137.5;8;Aug
1991;21.5;108.0;8;Aug
1992;21.1;170.0;8;Aug
1993;20.0;60.0;8;Aug
1994;24.8;104.5;8;Aug
1995;21.3;172.5;8;Aug
1996;20.9;85.5;8;Aug
1997;20.5;188.0;8;Aug
1998;21.1;88.5;8;Aug
1999;24.9;103.0;8;Aug
2000;23.9;103.5;8;Aug
2001;21.1;135.0;8;Aug
2002;20.1;102.5;8;Aug
2003;20.7;90.5;8;Aug
2004;21.9;128.0;8;Aug
2005;23.5;114.0;8;Aug
2006;24.3;36.5;8;Aug
2007;23.5;65.5;8;Aug
2008;21.2;56.0;8;Aug
2009;21.5;63.0;8;Aug
2010;24.8;213.5;8;Aug
2011;23.6;109.0;8;Aug
2012;23.4;121.0;8;Aug
2013;23.1;183.5;8;Aug
2014;22.4;217.5;8;Aug
2015;22.4;131.5;8;Aug
2016;23.9;279.0;8;Aug
2017;21.7;78.5;8;Aug
2018;21.2;228.5;8;Aug
2019;22.5;144.5;8;Aug
2020;23.3;124.0;8;Aug
1877;17.0;97.8;9;Sep
1878;18.1;85.1;9;Sep
1879;15.4;215.5;9;Sep
1880;16.9;102.1;9;Sep
1881;17.6;90.2;9;Sep
1882;16.4;88.3;9;Sep
1883;15.3;161.0;9;Sep
1884;15.8;116.6;9;Sep
1885;16.0;165.8;9;Sep
1886;18.1;191.8;9;Sep
1887;14.8;143.9;9;Sep
1888;15.1;116.9;9;Sep
1889;14.9;215.7;9;Sep
1890;19.6;228.9;9;Sep
1891;15.9;88.3;9;Sep
1892;18.0;236.1;9;Sep
1893;14.5;122.9;9;Sep
1894;16.4;142.1;9;Sep
1895;16.4;32.8;9;Sep
1896;15.7;116.8;9;Sep
1897;15.6;89.0;9;Sep
1898;14.4;308.3;9;Sep
1899;14.8;39.2;9;Sep
1900;16.1;80.7;9;Sep
1901;15.9;211.7;9;Sep
1902;17.3;57.4;9;Sep
1903;17.0;138.6;9;Sep
1904;15.2;152.6;9;Sep
1905;16.0;123.1;9;Sep
1906;14.9;81.8;9;Sep
1907;15.9;167.6;9;Sep
1908;15.3;66.1;9;Sep
1909;16.0;109.3;9;Sep
1910;15.1;91.6;9;Sep
1911;17.2;85.8;9;Sep
1912;14.4;172.9;9;Sep
1913;13.9;60.0;9;Sep
1914;16.9;179.4;9;Sep
1915;17.5;57.6;9;Sep
1916;16.7;156.1;9;Sep
1917;16.5;124.6;9;Sep
1918;17.9;164.5;9;Sep
1919;17.3;145.0;9;Sep
1920;15.7;138.7;9;Sep
1921;17.0;65.8;9;Sep
1922;16.8;58.9;9;Sep
1923;17.0;279.3;9;Sep
1924;16.7;95.0;9;Sep
1925;17.7;85.4;9;Sep
1926;17.1;195.9;9;Sep
1927;16.2;77.8;9;Sep
1928;18.5;166.5;9;Sep
1929;15.6;35.8;9;Sep
1930;17.3;129.0;9;Sep
1931;17.1;85.3;9;Sep
1932;16.3;272.0;9;Sep
1933;16.6;136.7;9;Sep
1934;16.0;163.0;9;Sep
1935;16.0;90.6;9;Sep
1936;17.5;106.9;9;Sep
1937;16.3;213.1;9;Sep
1938;16.8;255.6;9;Sep
1939;18.7;182.2;9;Sep
1940;15.2;58.7;9;Sep
1941;16.6;217.8;9;Sep
1942;16.3;125.9;9;Sep
1943;17.9;132.3;9;Sep
1944;17.7;134.3;9;Sep
1945;16.1;99.3;9;Sep
1946;17.2;100.0;9;Sep
1947;15.9;224.2;9;Sep
1948;17.1;84.7;9;Sep
1949;17.7;127.3;9;Sep
1950;17.1;149.0;9;Sep
1951;15.6;185.5;9;Sep
1952;16.4;79.4;9;Sep
1953;16.8;154.7;9;Sep
1954;18.0;136.0;9;Sep
1955;16.2;80.7;9;Sep
1956;17.5;30.5;9;Sep
1957;15.7;307.7;9;Sep
1958;16.9;122.6;9;Sep
1959;17.2;166.4 ;9;Sep
1960;18.0;128.9;9;Sep
1961;19.3;155.1;9;Sep
1962;17.7;106.7;9;Sep
1963;16.0;194.4;9;Sep
1964;15.7;84.4;9;Sep
1965;17.2;480.5;9;Sep
1966;15.8;102.6;9;Sep
1967;16.3;174.0;9;Sep
1968;17.1;108.5;9;Sep
1969;16.4;76.5;9;Sep
1970;17.4;196.5;9;Sep
1971;15.6;126.5;9;Sep
1972;16.8;284.0;9;Sep
1973;16.8;197.0;9;Sep
1974;17.3;100.0;9;Sep
1975;18.6;99.5;9;Sep
1976;16.2;87.5;9;Sep
1977;17.4;99.0;9;Sep
1978;17.0;52.5;9;Sep
1979;16.9;88.5;9;Sep
1980;16.9;35.0;9;Sep
1981;16.2;176.5;9;Sep
1982;17.8;133.0;9;Sep
1983;17.7;119.5;9;Sep
1984;17.7;53.5;9;Sep
1985;17.1;164.5;9;Sep
1986;18.1;202.0;9;Sep
1987;17.8;55.0;9;Sep
1988;17.6;70.0;9;Sep
1989;18.4;165.0;9;Sep
1990;18.7;123.5;9;Sep
1991;18.4;56.0;9;Sep
1992;16.2;274.0;9;Sep
1993;17.5;53.5;9;Sep
1994;19.8;313.5;9;Sep
1995;17.4;112.0;9;Sep
1996;18.2;124.5;9;Sep
1997;17.1;131.0;9;Sep
1998;19.2;218.0;9;Sep
1999;19.7;107.5;9;Sep
2000;18.6;307.0;9;Sep
2001;17.1;237.5;9;Sep
2002;17.7;87.5;9;Sep
2003;17.5;110.5;9;Sep
2004;18.4;126.5;9;Sep
2005;18.8;126.0;9;Sep
2006;18.5;57.5;9;Sep
2007;19.1;193.5;9;Sep
2008;19.2;30.5;9;Sep
2009;17.8;35.5;9;Sep
2010;20.0;92.0;9;Sep
2011;19.2;257.5;9;Sep
2012;22.4;191.0;9;Sep
2013;18.8;173.0;9;Sep
2014;18.1;146.0;9;Sep
2015;18.4;198.0;9;Sep
2016;19.4;107.0;9;Sep
2017;17.7;187.0;9;Sep
2018;18.9;49.5;9;Sep
2019;19.3;108.5;9;Sep
2020;20.1;53.5;9;Sep
1877;11.3;167.5;10;Oct
1878;8.7;96.5;10;Oct
1879;7.4;228.8;10;Oct
1880;9.1;48.1;10;Oct
1881;8.4;111.1;10;Oct
1882;9.8;93.2;10;Oct
1883;10.3;223.6;10;Oct
1884;7.8;176.5;10;Oct
1885;10.3;62.2;10;Oct
1886;10.9;99.0;10;Oct
1887;10.6;38.2;10;Oct
1888;10.5;96.5;10;Oct
1889;7.8;114.5;10;Oct
1890;9.2;85.1;10;Oct
1891;9.2;116.0;10;Oct
1892;9.0;141.6;10;Oct
1893;9.9;34.3;10;Oct
1894;8.4;114.6;10;Oct
1895;10.4;103.4;10;Oct
1896;8.7;172.4;10;Oct
1897;8.7;90.6;10;Oct
1898;8.5;77.4;10;Oct
1899;9.5;216.6;10;Oct
1900;10.0;107.9;10;Oct
1901;9.6;137.6;10;Oct
1902;10.1;62.2;10;Oct
1903;8.7;47.5;10;Oct
1904;9.5;72.6;10;Oct
1905;10.0;67.3;10;Oct
1906;9.3;189.6;10;Oct
1907;8.4;126.4;10;Oct
1908;9.2;54.1;10;Oct
1909;8.1;180.9;10;Oct
1910;10.2;11.3;10;Oct
1911;10.2;168.4;10;Oct
1912;8.9;44.7;10;Oct
1913;9.2;49.0;10;Oct
1914;9.5;64.7;10;Oct
1915;11.0;299.9;10;Oct
1916;10.2;50.6;10;Oct
1917;11.1;155.2;10;Oct
1918;9.8;52.8;10;Oct
1919;10.9;147.0;10;Oct
1920;9.5;108.8;10;Oct
1921;9.8;48.3;10;Oct
1922;11.3;185.7;10;Oct
1923;10.3;110.6;10;Oct
1924;9.3;166.0;10;Oct
1925;10.7;163.2;10;Oct
1926;7.8;245.9;10;Oct
1927;11.0;64.1;10;Oct
1928;11.1;64.3;10;Oct
1929;11.2;117.8;10;Oct
1930;10.8;122.9;10;Oct
1931;10.4;72.5;10;Oct
1932;11.3;55.9;10;Oct
1933;9.2;139.5;10;Oct
1934;9.3;108.5;10;Oct
1935;12.1;225.2;10;Oct
1936;10.4;227.3;10;Oct
1937;9.9;79.0;10;Oct
1938;9.4;79.5;10;Oct
1939;10.3;57.0;10;Oct
1940;11.0;112.0;10;Oct
1941;10.6;183.5;10;Oct
1942;10.3;91.2;10;Oct
1943;10.7;102.4;10;Oct
1944;10.5;95.4;10;Oct
1945;10.8;112.4;10;Oct
1946;11.7;179.7;10;Oct
1947;9.6;106.8;10;Oct
1948;10.5;68.6;10;Oct
1949;10.7;126.1;10;Oct
1950;8.3;54.9;10;Oct
1951;9.7;64.6;10;Oct
1952;10.5;117.4;10;Oct
1953;10.3;112.2;10;Oct
1954;9.4;94.9;10;Oct
1955;10.8;209.9;10;Oct
1956;11.9;114.9;10;Oct
1957;10.8;134.4;10;Oct
1958;10.4;109.5;10;Oct
1959;11.3;70.2;10;Oct
1960;10.2;95.7;10;Oct
1961;10.9;93.9;10;Oct
1962;9.7;19.0;10;Oct
1963;10.6;111.1;10;Oct
1964;9.4;95.9;10;Oct
1965;10.5;57.4;10;Oct
1966;12.3;169.4;10;Oct
1967;10.4;102.3;10;Oct
1968;8.7;67.5;10;Oct
1969;9.8;88.5;10;Oct
1970;11.2;83.5;10;Oct
1971;10.5;180.0;10;Oct
1972;11.9;107.0;10;Oct
1973;10.3;177.5;10;Oct
1974;10.5;132.0;10;Oct
1975;10.4;198.5;10;Oct
1976;10.5;174.5;10;Oct
1977;11.3;20.5;10;Oct
1978;9.7;123.0;10;Oct
1979;12.5;244.5;10;Oct
1980;10.8;120.5;10;Oct
1981;11.0;80.5;10;Oct
1982;12.5;118.5;10;Oct
1983;9.7;88.5;10;Oct
1984;10.3;77.0;10;Oct
1985;10.9;173.0;10;Oct
1986;8.9;208.5;10;Oct
1987;11.9;118.5;10;Oct
1988;10.9;101.5;10;Oct
1989;11.8;67.0;10;Oct
1990;13.0;87.0;10;Oct
1991;12.7;84.0;10;Oct
1992;11.6;111.0;10;Oct
1993;11.5;256.0;10;Oct
1994;12.4;127.5;10;Oct
1995;13.1;130.0;10;Oct
1996;11.5;153.0;10;Oct
1997;10.8;82.5;10;Oct
1998;13.2;76.0;10;Oct
1999;11.9;80.5;10;Oct
2000;11.6;24.5;10;Oct
2001;12.1;86.5;10;Oct
2002;12.0;149.0;10;Oct
2003;11.6;149.5;10;Oct
2004;12.5;46.0;10;Oct
2005;13.2;72.0;10;Oct
2006;11.7;90.5;10;Oct
2007;11.7;66.5;10;Oct
2008;12.9;99.5;10;Oct
2009;12.5;125.0;10;Oct
2010;12.2;130.5;10;Oct
2011;12.1;146.0;10;Oct
2012;13.0;115.0;10;Oct
2013;12.9;131.0;10;Oct
2014;11.3;124.0;10;Oct
2015;10.8;98.0;10;Oct
2016;10.6;78.0;10;Oct
2017;11.3;114.0;10;Oct
2018;13.0;187.0;10;Oct
2019;13.3;97.0;10;Oct
2020;15.5;36.5 ;10;Oct
1877;2.5;163.8;11;Nov
1878;0.5;69.2;11;Nov
1879;2.0;125.0;11;Nov
1880;3.6;150.0;11;Nov
1881;3.5;108.5;11;Nov
1882;1.2;66.9;11;Nov
1883;2.1;154.5;11;Nov
1884;0.0;82.5;11;Nov
1885;4.1;95.5;11;Nov
1886;2.6;73.6;11;Nov
1887;4.4;109.3;11;Nov
1888;4.9;96.5;11;Nov
1889;1.5;60.1;11;Nov
1890;3.8;118.1;11;Nov
1891;2.9;95.2;11;Nov
1892;1.5;72.2;11;Nov
1893;3.7;185.0;11;Nov
1894;4.1;106.9;11;Nov
1895;2.1;64.0;11;Nov
1896;3.5;125.6;11;Nov
1897;2.8;50.8;11;Nov
1898;2.9;32.0;11;Nov
1899;2.3;73.9;11;Nov
1900;3.8;67.1;11;Nov
1901;3.1;78.7;11;Nov
1902;3.9;125.5;11;Nov
1903;1.9;145.1;11;Nov
1904;1.5;69.0;11;Nov
1905;3.0;50.7;11;Nov
1906;-0.1;81.1;11;Nov
1907;2.4;90.1;11;Nov
1908;0.6;106.3;11;Nov
1909;3.5;141.2;11;Nov
1910;2.8;123.2;11;Nov
1911;5.5;133.7;11;Nov
1912;0.3;136.9;11;Nov
1913;2.3;96.4;11;Nov
1914;5.2;179.3;11;Nov
1915;3.6;86.5;11;Nov
1916;4.4;89.9;11;Nov
1917;1.9;124.7;11;Nov
1918;2.7;79.3;11;Nov
1919;4.8;60.9;11;Nov
1920;4.6;79.0;11;Nov
1921;2.2;174.8;11;Nov
1922;3.4;154.8;11;Nov
1923;3.7;114.7;11;Nov
1924;4.0;166.8;11;Nov
1925;3.9;191.8;11;Nov
1926;2.8;210.3;11;Nov
1927;4.7;68.3;11;Nov
1928;4.4;81.8;11;Nov
1929;3.2;108.4;11;Nov
1930;3.0;109.1;11;Nov
1931;4.2;100.2;11;Nov
1932;5.2;160.8;11;Nov
1933;3.7;145.5;11;Nov
1934;3.6;162.8;11;Nov
1935;3.5;128.0;11;Nov
1936;3.5;91.0;11;Nov
1937;2.9;77.2;11;Nov
1938;3.0;177.9;11;Nov
1939;3.9;38.1;11;Nov
1940;5.2;68.3;11;Nov
1941;3.9;69.3;11;Nov
1942;3.3;164.0;11;Nov
1943;2.5;124.2;11;Nov
1944;2.8;102.1;11;Nov
1945;4.2;155.4;11;Nov
1946;5.2;107.0;11;Nov
1947;2.4;140.3;11;Nov
1948;3.5;49.2;11;Nov
1949;2.8;91.8;11;Nov
1950;3.7;205.1;11;Nov
1951;4.0;174.9;11;Nov
1952;1.5;80.8;11;Nov
1953;0.3;213.9;11;Nov
1954;3.7;52.7;11;Nov
1955;3.8;111.2;11;Nov
1956;3.5;58.2;11;Nov
1957;5.3;26.8;11;Nov
1958;4.2;65.6;11;Nov
1959;3.4;112.5;11;Nov
1960;4.6;110.9;11;Nov
1961;4.2;83.8;11;Nov
1962;3.6;77.3;11;Nov
1963;5.4;106.3;11;Nov
1964;3.9;93.0;11;Nov
1965;3.7;99.2;11;Nov
1966;4.9;85.2;11;Nov
1967;2.7;75.9;11;Nov
1968;6.2;135.0;11;Nov
1969;3.8;65.0;11;Nov
1970;4.9;87.0;11;Nov
1971;4.4;49.5;11;Nov
1972;3.7;265.5;11;Nov
1973;3.7;97.5;11;Nov
1974;3.1;77.5;11;Nov
1975;4.8;180.0;11;Nov
1976;2.8;133.5;11;Nov
1977;5.2;151.5;11;Nov
1978;4.5;88.5;11;Nov
1979;4.7;106.0;11;Nov
1980;5.1;48.0;11;Nov
1981;1.8;73.5;11;Nov
1982;5.9;99.5;11;Nov
1983;5.1;85.0;11;Nov
1984;3.7;43.0;11;Nov
1985;4.1;69.0;11;Nov
1986;3.5;82.5;11;Nov
1987;3.6;77.0;11;Nov
1988;2.9;137.0;11;Nov
1989;6.6;103.5;11;Nov
1990;7.5;73.0;11;Nov
1991;4.7;54.0;11;Nov
1992;4.8;114.0;11;Nov
1993;5.8;83.5;11;Nov
1994;5.4;90.5 ;11;Nov
1995;5.5;133.0;11;Nov
1996;4.1;96.0;11;Nov
1997;7.1;117.0;11;Nov
1998;3.2;137.5;11;Nov
1999;5.5;75.5;11;Nov
2000;3.9;140.0;11;Nov
2001;5.0;83.0;11;Nov
2002;2.8;165.0;11;Nov
2003;6.2;64.0;11;Nov
2004;7.2;85.0;11;Nov
2005;5.5;150.5;11;Nov
2006;6.2;182.0 ;11;Nov
2007;3.9;75.0;11;Nov
2008;4.6;86.0;11;Nov
2009;5.1;154.0;11;Nov
2010;5.9;194.5;11;Nov
2011;6.0;86.0;11;Nov
2012;5.5;219.0;11;Nov
2013;6.3;116.0;11;Nov
2014;6.1;64.0;11;Nov
2015;5.4;137.0;11;Nov
2016;2.1;115.5;11;Nov
2017;4.3;129.0;11;Nov
2018;6.4;73.0;11;Nov
2019;3.9;82.0;11;Nov
2020;-1.7;68.5;11;Nov
1877;-4.9;82.4;12;Dec
1878;0.2;95.2;12;Dec
1879;-3.4;145.0;12;Dec
1880;-4.3;109.6;12;Dec
1881;-4.8;61.8;12;Dec
1882;-3.3;83.4;12;Dec
1883;-5.8;76.5;12;Dec
1884;-0.4;71.5;12;Dec
1885;-2.8;66.6;12;Dec
1886;-1.8;127.6;12;Dec
1887;-2.2;116.5;12;Dec
1888;-2.6;67.6;12;Dec
1889;0.9;160.3;12;Dec
1890;-2.3;94.8;12;Dec
1891;-6.3;56.6;12;Dec
1892;-3.7;107.1;12;Dec
1893;-3.1;106.5;12;Dec
1894;-2.4;89.8;12;Dec
1895;-3.8;61.8;12;Dec
1896;-6.0;76.2;12;Dec
1897;-1.8;88.5;12;Dec
1898;-3.4;56.9;12;Dec
1899;-3.5;45.2;12;Dec
1900;-4.8;133.0;12;Dec
1901;-0.3;141.3;12;Dec
1902;-5.1;113.9;12;Dec
1903;-2.3;103.7;12;Dec
1904;-2.1;79.3;12;Dec
1905;-2.4;118.8;12;Dec
1906;-5.2;97.9;12;Dec
1907;-4.4;112.2;12;Dec
1908;-4.2;112.7;12;Dec
1909;-6.5;51.5;12;Dec
1910;-3.4;71.8;12;Dec
1911;-5.5;95.1;12;Dec
1912;-3.5;63.3;12;Dec
1913;-3.8;119.1;12;Dec
1914;-1.1;118.8;12;Dec
1915;-2.9;101.8;12;Dec
1916;-0.8;113.2;12;Dec
1917;-4.3;37.1;12;Dec
1918;-2.3;107.1;12;Dec
1919;-4.1;112.0;12;Dec
1920;-3.0;90.7;12;Dec
1921;-3.5;197.4;12;Dec
1922;-2.4;83.4;12;Dec
1923;-3.8;100.9;12;Dec
1924;-1.4;173.8;12;Dec
1925;-2.9;95.6;12;Dec
1926;-2.9;137.0;12;Dec
1927;-3.8;148.5;12;Dec
1928;-1.6;76.8;12;Dec
1929;-4.3;90.4;12;Dec
1930;-2.6;84.4;12;Dec
1931;-1.6;88.8;12;Dec
1932;-2.1;49.3;12;Dec
1933;-2.6;35.2;12;Dec
1934;-4.2;53.3;12;Dec
1935;-1.5;81.7;12;Dec
1936;-4.9;108.6;12;Dec
1937;-4.4;181.0;12;Dec
1938;-2.4;69.0;12;Dec
1939;-0.9;46.6;12;Dec
1940;-1.6;90.1;12;Dec
1941;-3.5;95.4;12;Dec
1942;-2.7;119.3;12;Dec
1943;-6.1;60.7;12;Dec
1944;-4.1;150.1;12;Dec
1945;-2.8;174.8;12;Dec
1946;-4.4;146.5;12;Dec
1947;-0.2;108.4;12;Dec
1948;-3.6;122.2;12;Dec
1949;-2.9;155.6;12;Dec
1950;-0.5;73.8;12;Dec
1951;-6.0;97.3;12;Dec
1952;-1.8;129.9;12;Dec
1953;-0.7;137.8;12;Dec
1954;-0.1;59.9;12;Dec
1955;-3.8;157.7;12;Dec
1956;-0.1;146.1;12;Dec
1957;0.0;110.3;12;Dec
1958;-2.4;119.1;12;Dec
1959;-3.0;68.6;12;Dec
1960;-1.2;52.5;12;Dec
1961;-0.9;100.6;12;Dec
1962;0.1;102.9;12;Dec
1963;-1.7;143.5;12;Dec
1964;-2.0;97.1;12;Dec
1965;-4.2;180.2;12;Dec
1966;-2.1;101.5;12;Dec
1967;0.6;84.0;12;Dec
1968;-3.6;69.5;12;Dec
1969;-2.2;61.5;12;Dec
1970;-1.4;93.0;12;Dec
1971;0.0;82.0;12;Dec
1972;-1.9;62.5;12;Dec
1973;-4.0;83.5;12;Dec
1974;-3.1;72.0;12;Dec
1975;-2.0;108.5;12;Dec
1976;-0.6;115.5;12;Dec
1977;-1.0;100.0;12;Dec
1978;0.9;61.0;12;Dec
1979;-0.3;169.5;12;Dec
1980;-0.2;103.5;12;Dec
1981;0.3;78.5;12;Dec
1982;-1.8;62.0;12;Dec
1983;-2.1;63.5;12;Dec
1984;-3.5;124.5;12;Dec
1985;-1.5;104.0;12;Dec
1986;-2.3;110.5;12;Dec
1987;-0.4;144.0;12;Dec
1988;-0.6;120.0;12;Dec
1989;1.9;158.0;12;Dec
1990;-0.9;117.0;12;Dec
1991;0.1;92.5;12;Dec
1992;-0.1;122.0;12;Dec
1993;-1.4;96.0;12;Dec
1994;0.0;180.5;12;Dec
1995;-0.7;97.0;12;Dec
1996;0.4;76.0;12;Dec
1997;-1.7;134.0;12;Dec
1998;-1.1;110.0;12;Dec
1999;-2.5;101.5;12;Dec
2000;-3.4;167.0;12;Dec
2001;-3.0;77.5;12;Dec
2002;0.0;83.5;12;Dec
2003;-0.8;172.0;12;Dec
2004;-2.6;89.0;12;Dec
2005;-0.5;118.0;12;Dec
2006;-0.6;86.0;12;Dec
2007;0.8;142.0;12;Dec
2008;-0.7;106.5;12;Dec
2009;0.6;115.0;12;Dec
2010;-2.0;107.0;12;Dec
2011;-2.3;209.0;12;Dec
2012;0.8;124.0;12;Dec
2013;-1.3;128.0;12;Dec
2014;0.8;124.0;12;Dec
2015;-1.0;206.5;12;Dec
2016;-2.0;77.0;12;Dec
2017;-1.0;86.5;12;Dec
2018;-0.8;62.0;12;Dec
;;;;
;;;;
